Wavel.,Raw Data,Fit Data,Brilliant Violet 605 (BV605) fit,Alexa Fluor 647 fit,Alexa Fluor 750 fit,Alexa Fluor 488 fit,Brilliant Violet 605 (BV605) coeff,Alexa Fluor 647 coeff,Alexa Fluor 750 coeff,Alexa Fluor 488 coeff
300,204.04451370654203,0.0,0.0,0.0,0.0,0.0,494.7316810157178,367.31823555799826,360.78628418869124,345.9638850830424
301,529.243358158121,0.0,0.0,0.0,0.0,0.0,,,,
302,539.978888641268,0.0,0.0,0.0,0.0,0.0,,,,
303,560.2056598064985,0.0,0.0,0.0,0.0,0.0,,,,
304,218.09607906226717,0.0,0.0,0.0,0.0,0.0,,,,
305,-554.346106234471,0.0,0.0,0.0,0.0,0.0,,,,
306,-130.28383909709729,0.0,0.0,0.0,0.0,0.0,,,,
307,1193.5970865339798,0.0,0.0,0.0,0.0,0.0,,,,
308,542.6459527558955,0.0,0.0,0.0,0.0,0.0,,,,
309,-386.17532720815296,0.0,0.0,0.0,0.0,0.0,,,,
310,468.84546504963663,0.0,0.0,0.0,0.0,0.0,,,,
311,137.13981878534662,0.0,0.0,0.0,0.0,0.0,,,,
312,433.8634836255525,0.0,0.0,0.0,0.0,0.0,,,,
313,871.3825019840538,0.0,0.0,0.0,0.0,0.0,,,,
314,636.6942867293155,0.0,0.0,0.0,0.0,0.0,,,,
315,440.3140861213015,0.0,0.0,0.0,0.0,0.0,,,,
316,-493.9686467099744,0.0,0.0,0.0,0.0,0.0,,,,
317,78.90783604122016,0.0,0.0,0.0,0.0,0.0,,,,
318,32.41741642520353,0.0,0.0,0.0,0.0,0.0,,,,
319,674.0103547668047,0.0,0.0,0.0,0.0,0.0,,,,
320,138.25906792075108,0.0,0.0,0.0,0.0,0.0,,,,
321,-784.2530795584814,0.0,0.0,0.0,0.0,0.0,,,,
322,-449.1415963343754,0.0,0.0,0.0,0.0,0.0,,,,
323,-158.54446615637892,0.0,0.0,0.0,0.0,0.0,,,,
324,-297.1763135001815,0.0,0.0,0.0,0.0,0.0,,,,
325,722.2970253782069,0.0,0.0,0.0,0.0,0.0,,,,
326,1075.4658813624042,0.0,0.0,0.0,0.0,0.0,,,,
327,347.1904606621201,0.0,0.0,0.0,0.0,0.0,,,,
328,747.0002790450668,0.0,0.0,0.0,0.0,0.0,,,,
329,316.6513675927429,0.0,0.0,0.0,0.0,0.0,,,,
330,284.64989077687494,0.0,0.0,0.0,0.0,0.0,,,,
331,667.4079591461298,0.0,0.0,0.0,0.0,0.0,,,,
332,-360.6708770957368,0.0,0.0,0.0,0.0,0.0,,,,
333,519.241434383362,0.0,0.0,0.0,0.0,0.0,,,,
334,-229.57910715162143,0.0,0.0,0.0,0.0,0.0,,,,
335,-491.1527460302807,0.0,0.0,0.0,0.0,0.0,,,,
336,603.6274374846951,0.0,0.0,0.0,0.0,0.0,,,,
337,-77.08404484183643,0.0,0.0,0.0,0.0,0.0,,,,
338,-209.99395351485344,0.0,0.0,0.0,0.0,0.0,,,,
339,-820.5184170390945,0.0,0.0,0.0,0.0,0.0,,,,
340,-504.7213495366318,0.0,0.0,0.0,0.0,0.0,,,,
341,-272.428345724358,0.0,0.0,0.0,0.0,0.0,,,,
342,-421.2980530456281,0.0,0.0,0.0,0.0,0.0,,,,
343,135.8557246104377,0.0,0.0,0.0,0.0,0.0,,,,
344,-6.328056784280275,0.0,0.0,0.0,0.0,0.0,,,,
345,243.06784624818684,0.0,0.0,0.0,0.0,0.0,,,,
346,22.077512940893044,0.0,0.0,0.0,0.0,0.0,,,,
347,-625.3973387350296,0.0,0.0,0.0,0.0,0.0,,,,
348,-885.6420603027778,0.0,0.0,0.0,0.0,0.0,,,,
349,-109.5658019160185,0.0,0.0,0.0,0.0,0.0,,,,
350,464.15157652231926,0.0,0.0,0.0,0.0,0.0,,,,
351,256.5754388397368,0.0,0.0,0.0,0.0,0.0,,,,
352,-119.55883639282231,0.0,0.0,0.0,0.0,0.0,,,,
353,841.2646683751277,0.0,0.0,0.0,0.0,0.0,,,,
354,697.5462662005649,0.0,0.0,0.0,0.0,0.0,,,,
355,434.52237396989625,0.0,0.0,0.0,0.0,0.0,,,,
356,-408.3434658991293,0.0,0.0,0.0,0.0,0.0,,,,
357,123.41396447163234,0.0,0.0,0.0,0.0,0.0,,,,
358,-699.6263909316613,0.0,0.0,0.0,0.0,0.0,,,,
359,348.61805178365074,0.0,0.0,0.0,0.0,0.0,,,,
360,-720.8271868193614,0.0,0.0,0.0,0.0,0.0,,,,
361,614.6046576342205,0.0,0.0,0.0,0.0,0.0,,,,
362,-232.7475539043435,0.0,0.0,0.0,0.0,0.0,,,,
363,115.2851680646198,0.0,0.0,0.0,0.0,0.0,,,,
364,873.0693775435547,0.0,0.0,0.0,0.0,0.0,,,,
365,204.2081813889857,0.0,0.0,0.0,0.0,0.0,,,,
366,1051.3374812672398,0.0,0.0,0.0,0.0,0.0,,,,
367,-318.07582151350465,0.0,0.0,0.0,0.0,0.0,,,,
368,-183.79824674806497,0.0,0.0,0.0,0.0,0.0,,,,
369,-217.30815093459785,0.0,0.0,0.0,0.0,0.0,,,,
370,-445.0725251117548,0.0,0.0,0.0,0.0,0.0,,,,
371,570.9758258622354,0.0,0.0,0.0,0.0,0.0,,,,
372,970.7623939655064,0.0,0.0,0.0,0.0,0.0,,,,
373,-390.5848681147295,0.0,0.0,0.0,0.0,0.0,,,,
374,368.1629545875052,0.0,0.0,0.0,0.0,0.0,,,,
375,2034.6530035102408,0.0,0.0,0.0,0.0,0.0,,,,
376,-984.6062553427928,0.0,0.0,0.0,0.0,0.0,,,,
377,244.40169480001592,0.0,0.0,0.0,0.0,0.0,,,,
378,755.7401138205629,0.0,0.0,0.0,0.0,0.0,,,,
379,253.87387715732905,0.0,0.0,0.0,0.0,0.0,,,,
380,-1327.1948941635303,0.0,0.0,0.0,0.0,0.0,,,,
381,-35.21100015235723,0.0,0.0,0.0,0.0,0.0,,,,
382,240.47471943320045,0.0,0.0,0.0,0.0,0.0,,,,
383,-155.37869266635585,0.0,0.0,0.0,0.0,0.0,,,,
384,-841.2420148686023,0.0,0.0,0.0,0.0,0.0,,,,
385,259.9706154835357,0.0,0.0,0.0,0.0,0.0,,,,
386,-129.10678881015423,0.0,0.0,0.0,0.0,0.0,,,,
387,236.60999111461135,0.0,0.0,0.0,0.0,0.0,,,,
388,622.5854173488699,0.0,0.0,0.0,0.0,0.0,,,,
389,-563.5787946110318,0.0,0.0,0.0,0.0,0.0,,,,
390,487.7171978963047,0.0,0.0,0.0,0.0,0.0,,,,
391,-382.5649422466509,0.0,0.0,0.0,0.0,0.0,,,,
392,335.05763769576845,0.0,0.0,0.0,0.0,0.0,,,,
393,-933.1947917124904,0.0,0.0,0.0,0.0,0.0,,,,
394,559.8905495535431,0.0,0.0,0.0,0.0,0.0,,,,
395,-432.0644724737665,103.80682562435575,103.80682562435575,0.0,0.0,0.0,,,,
396,66.75295449925733,113.6770645202109,113.6770645202109,0.0,0.0,0.0,,,,
397,-786.8422638460862,124.90707393606945,124.90707393606945,0.0,0.0,0.0,,,,
398,-95.7429699933002,137.11726901074533,137.11726901074533,0.0,0.0,0.0,,,,
399,972.9447027481158,151.5213175883994,151.5213175883994,0.0,0.0,0.0,,,,
400,201.19326790341265,167.43974231530103,167.43974231530103,0.0,0.0,0.0,,,,
401,-604.0040985018312,196.38431813106092,196.38431813106092,0.0,0.0,0.0,,,,
402,-146.68628021874426,237.36078821839035,237.36078821839035,0.0,0.0,0.0,,,,
403,713.6947594402212,283.9399065951839,283.9399065951839,0.0,0.0,0.0,,,,
404,776.9674681712607,341.87475609734753,341.87475609734753,0.0,0.0,0.0,,,,
405,736.7763655323732,411.4751649137755,411.4751649137755,0.0,0.0,0.0,,,,
406,172.80163034197187,498.49858089799517,498.49858089799517,0.0,0.0,0.0,,,,
407,797.4273170560823,605.377658598631,605.377658598631,0.0,0.0,0.0,,,,
408,516.936323716724,729.0085241745472,729.0085241745472,0.0,0.0,0.0,,,,
409,554.7138371339538,868.9600813019308,868.9600813019308,0.0,0.0,0.0,,,,
410,1005.1453279052968,1025.934898440992,1025.934898440992,0.0,0.0,0.0,,,,
411,1117.5412625103488,1207.968018200955,1207.968018200955,0.0,0.0,0.0,,,,
412,1449.746847366962,1410.931915440568,1410.931915440568,0.0,0.0,0.0,,,,
413,2447.0594119845564,1624.8856234333946,1624.8856234333946,0.0,0.0,0.0,,,,
414,1337.957167905406,1848.2039184286657,1848.2039184286657,0.0,0.0,0.0,,,,
415,2269.638553288666,2074.312167645176,2074.312167645176,0.0,0.0,0.0,,,,
416,3262.577115000549,2301.4235076078708,2301.4235076078708,0.0,0.0,0.0,,,,
417,1878.99988686932,2514.1834978115735,2514.1834978115735,0.0,0.0,0.0,,,,
418,2597.9203378378943,2700.3696550361146,2700.3696550361146,0.0,0.0,0.0,,,,
419,2506.7769877289097,2864.9541509165747,2864.9541509165747,0.0,0.0,0.0,,,,
420,4205.361095116916,3000.6245444738993,3000.6245444738993,0.0,0.0,0.0,,,,
421,2878.225838145117,3094.825312972745,3094.825312972745,0.0,0.0,0.0,,,,
422,3931.692499606136,3139.651095345775,3139.651095345775,0.0,0.0,0.0,,,,
423,2610.1631431406718,3138.7570093256004,3138.7570093256004,0.0,0.0,0.0,,,,
424,2656.9008551028046,3098.570540144272,3098.570540144272,0.0,0.0,0.0,,,,
425,3060.3648678260297,3028.5929394837995,3028.5929394837995,0.0,0.0,0.0,,,,
426,3107.1015314133792,2921.8839925872894,2921.8839925872894,0.0,0.0,0.0,,,,
427,3247.535778368449,2785.920343362922,2785.920343362922,0.0,0.0,0.0,,,,
428,1608.5096103616495,2635.1462264533357,2635.1462264533357,0.0,0.0,0.0,,,,
429,1520.137124054,2478.521726343943,2478.521726343943,0.0,0.0,0.0,,,,
430,2903.1610741735803,2315.5680595241984,2315.5680595241984,0.0,0.0,0.0,,,,
431,2217.0428467447005,2155.124052239228,2155.124052239228,0.0,0.0,0.0,,,,
432,1752.7981860589923,2013.5336583241403,2013.5336583241403,0.0,0.0,0.0,,,,
433,493.07840570121175,1885.991684517711,1885.991684517711,0.0,0.0,0.0,,,,
434,1458.6634723973646,1779.6129794287178,1779.6129794287178,0.0,0.0,0.0,,,,
435,1028.6031483037,1687.9383831239634,1687.9383831239634,0.0,0.0,0.0,,,,
436,1552.7862582572288,1614.7494133227037,1614.7494133227037,0.0,0.0,0.0,,,,
437,1409.8559661065024,1561.7713245637563,1561.7713245637563,0.0,0.0,0.0,,,,
438,1257.5418093542826,1529.1064679267527,1529.1064679267527,0.0,0.0,0.0,,,,
439,406.6031902389627,1506.9272360395228,1506.9272360395228,0.0,0.0,0.0,,,,
440,1776.1193439541955,1501.2604853661496,1501.2604853661496,0.0,0.0,0.0,,,,
441,1698.55380619151,1505.4806114150638,1505.4806114150638,0.0,0.0,0.0,,,,
442,770.6626459625,1518.7058860687507,1518.7058860687507,0.0,0.0,0.0,,,,
443,1765.6753740661036,1533.500300205652,1533.500300205652,0.0,0.0,0.0,,,,
444,2218.3578525224734,1554.9925719224757,1554.9925719224757,0.0,0.0,0.0,,,,
445,2393.3920828786454,1570.630941907778,1570.630941907778,0.0,0.0,0.0,,,,
446,978.0694029538896,1585.0781889716234,1585.0781889716234,0.0,0.0,0.0,,,,
447,739.5788181017033,1590.383745444589,1590.383745444589,0.0,0.0,0.0,,,,
448,1391.6351091745955,1596.033270550293,1596.033270550293,0.0,0.0,0.0,,,,
449,1945.800560864994,1588.7569885203404,1588.7569885203404,0.0,0.0,0.0,,,,
450,760.993638026436,1575.6680965491591,1575.6680965491591,0.0,0.0,0.0,,,,
451,1721.9946291496904,1549.0757986994674,1549.0757986994674,0.0,0.0,0.0,,,,
452,1488.9726464980554,1517.3528602257545,1517.3528602257545,0.0,0.0,0.0,,,,
453,2134.8242089337955,1477.3751490140114,1477.3751490140114,0.0,0.0,0.0,,,,
454,1493.193327099514,1430.1202177610483,1430.1202177610483,0.0,0.0,0.0,,,,
455,1621.5868637995668,1377.47952908231,1377.47952908231,0.0,0.0,0.0,,,,
456,1885.2900939562355,1322.1874130319438,1322.1874130319438,0.0,0.0,0.0,,,,
457,1124.849107476918,1262.6413184226583,1262.6413184226583,0.0,0.0,0.0,,,,
458,1322.386869596073,1204.203003741114,1204.203003741114,0.0,0.0,0.0,,,,
459,2381.0734600107658,1142.0180355766063,1142.0180355766063,0.0,0.0,0.0,,,,
460,845.5742639487514,1082.6699424806968,1082.6699424806968,0.0,0.0,0.0,,,,
461,1215.127504590855,1027.3890617868062,1027.3890617868062,0.0,0.0,0.0,,,,
462,-80.23365295575934,974.1649617626937,974.1649617626937,0.0,0.0,0.0,,,,
463,691.7536361203023,920.9603437774476,920.9603437774476,0.0,0.0,0.0,,,,
464,618.3196078580232,874.345367248414,874.345367248414,0.0,0.0,0.0,,,,
465,609.1825167676752,831.856101679558,831.856101679558,0.0,0.0,0.0,,,,
466,157.8367403807032,794.0083820264806,794.0083820264806,0.0,0.0,0.0,,,,
467,687.4688625912162,760.3308887955069,760.3308887955069,0.0,0.0,0.0,,,,
468,1101.480874732726,734.8612553709115,734.8612553709115,0.0,0.0,0.0,,,,
469,1185.7568100350225,710.7417442090763,710.7417442090763,0.0,0.0,0.0,,,,
470,338.0643385947432,688.1848851139222,688.1848851139222,0.0,0.0,0.0,,,,
471,660.9786174068872,670.4101761624866,670.4101761624866,0.0,0.0,0.0,,,,
472,508.123845249514,652.9537983533469,652.9537983533469,0.0,0.0,0.0,,,,
473,888.7519749890037,639.3184381356076,639.3184381356076,0.0,0.0,0.0,,,,
474,321.7825701579367,627.979832147376,627.979832147376,0.0,0.0,0.0,,,,
475,-119.62589616693867,954.890195064534,616.1216668634487,0.0,0.0,338.7685282010853,,,,
476,1080.8774805755197,847.8019950690275,605.0164762717837,0.0,0.0,242.78551879724378,,,,
477,767.3303042064132,761.9333234338949,594.0685673130255,0.0,0.0,167.8647561208694,,,,
478,1023.3235452163016,749.159799510367,581.7086778105029,0.0,0.0,167.4511216998641,,,,
479,1081.30257895725,766.0142004935027,568.8817992007091,0.0,0.0,197.13240129279356,,,,
480,1428.8195460836491,802.92520236476,556.9149195982687,0.0,0.0,246.01028276649134,,,,
481,1198.0650772334866,842.5639495423437,544.7042668967879,0.0,0.0,297.85968264555584,,,,
482,1501.53672628096,902.0105035449676,531.8723919917477,0.0,0.0,370.1381115532199,,,,
483,820.2597278398358,984.8962741226571,519.2309605841926,0.0,0.0,465.66531353846455,,,,
484,877.2382136845947,1081.7279808321525,504.5972550865526,0.0,0.0,577.1307257455999,,,,
485,1610.3115362980732,1217.7901941363034,489.89774829641084,0.0,0.0,727.8924458398925,,,,
486,966.9909900134776,1366.268027863025,473.0941036357896,0.0,0.0,893.1739242272354,,,,
487,518.9365054370558,1572.6842591774187,457.12855522153956,0.0,0.0,1115.5557039558792,,,,
488,933.651811931065,1803.9025327436739,439.23864700871593,0.0,0.0,1364.6638857349578,,,,
489,2276.717663428326,2100.354425560391,422.93953367424797,0.0,0.0,1677.414891886143,,,,
490,2456.127427537039,2448.628762538714,403.084771380028,0.0,0.0,2045.5439911586861,,,,
491,2600.261741889356,2839.112515833057,384.311238743156,0.0,0.0,2454.801277089901,,,,
492,3266.2603206826066,3315.337632329478,366.23630286055925,0.0,0.0,2949.1013294689187,,,,
493,3853.6971983685303,3879.1084883273293,347.77900122999745,0.0,0.0,3531.329487097332,,,,
494,4973.341954032779,4545.731565196784,328.4491042287522,0.0,0.0,4217.282460968032,,,,
495,6079.470404721504,5343.751961037947,311.78682419866436,0.0,0.0,5031.965136839282,,,,
496,6797.788508410475,6221.443074061395,295.1543750047467,0.0,0.0,5926.2886990566485,,,,
497,6953.642351196548,7253.841427631562,279.98100382116274,0.0,0.0,6973.860423810399,,,,
498,9629.594184093954,8407.79168429404,265.9917808317968,0.0,0.0,8141.799903462243,,,,
499,9203.208861787532,9673.635180615289,253.81700854548168,0.0,0.0,9419.818172069807,,,,
500,11046.11456526612,11055.405763433339,241.8928381395999,0.0,0.0,10813.512925293739,,,,
501,12442.84032866658,12517.585489791813,232.68124196219284,0.0,0.0,12284.90424782962,,,,
502,13760.909300539235,14078.443984805634,222.9121336429125,0.0,0.0,13855.531851162721,,,,
503,15647.380609446189,15662.794629262036,214.17173970777202,0.0,0.0,15448.622889554264,,,,
504,16954.987498369064,17387.409300553125,207.02612818833617,0.0,0.0,17180.38317236479,,,,
505,18082.11319447613,19043.31553213623,200.09500214715618,0.0,0.0,18843.220529989074,,,,
506,20557.956269916154,20815.41009816718,192.97341925073556,0.0,0.0,20622.436678916445,,,,
507,21815.63071618586,22547.457437095854,188.75256594625017,0.0,0.0,22358.704871149603,,,,
508,24537.174600691324,24324.95815483288,184.26250439754008,0.0,0.0,24140.69565043534,,,,
509,25096.43891262131,25882.00297624429,179.7924112089392,0.0,0.0,25702.21056503535,,,,
510,27350.80423633441,27545.943004990906,175.49804572397167,0.0,0.0,27370.444959266933,,,,
511,29381.42425298604,28913.35201231514,170.720874559891,0.0,0.0,28742.63113775525,,,,
512,30529.773525330857,30186.288971578815,166.34879118042107,0.0,0.0,30019.940180398393,,,,
513,32014.79686370368,31361.58996783429,162.6809791276076,0.0,0.0,31198.908988706684,,,,
514,33119.89386851969,32290.574861410543,160.5698091410142,0.0,0.0,32130.005052269527,,,,
515,33347.43662083446,33044.74669973332,156.6379053590211,0.0,0.0,32888.1087943743,,,,
516,33684.52687165133,33695.91560945982,153.91431444547354,0.0,0.0,33542.00129501435,,,,
517,33699.018797961005,34206.71808446072,151.9291189762805,0.0,0.0,34054.78896548444,,,,
518,34805.63758905881,34560.6393197888,148.2655423213882,0.0,0.0,34412.373777467415,,,,
519,34770.51223416638,34679.86460221207,145.48320103125667,0.0,0.0,34534.381401180806,,,,
520,35029.48029021998,34738.46467925692,142.07617095267685,0.0,0.0,34596.38850830424,,,,
521,35148.65354083683,34603.81971269285,139.3991283535327,0.0,0.0,34464.420584339314,,,,
522,34446.38357182923,34242.375843775386,136.8512745435205,0.0,0.0,34105.524569231864,,,,
523,33631.296570646446,33787.5636988217,133.8956406190895,0.0,0.0,33653.66805820261,,,,
524,33287.528446917626,33335.79439906747,130.08729854808848,0.0,0.0,33205.70710051938,,,,
525,32946.96837891315,32744.535840537235,125.7945270885972,0.0,0.0,32618.741313448638,,,,
526,32207.61578817864,32041.224247245573,122.59966912293282,0.0,0.0,31918.62457812264,,,,
527,31613.018116701296,31393.628488192884,120.4375937200213,0.0,0.0,31273.190894472864,,,,
528,31670.960647720127,30613.915197561037,116.870061800023,0.0,0.0,30497.045135761015,,,,
529,30145.23237809877,29854.544278341153,113.85922670408762,0.0,0.0,29740.685051637065,,,,
530,28397.40925854444,28946.296661364522,110.51820718951069,0.0,0.0,28835.77845417501,,,,
531,27817.499517564265,28049.191343363706,108.8158587275246,0.0,0.0,27940.37548463618,,,,
532,26399.49645513652,27181.48002057717,106.62314508633946,0.0,0.0,27074.856875490834,,,,
533,26271.143940645103,26211.356872863482,104.97399907986645,0.0,0.0,26106.382873783616,,,,
534,24803.05555308705,25229.82943339573,102.94643033692611,0.0,0.0,25126.883003058803,,,,
535,24788.978433560915,24341.82666604904,102.69737102987413,0.0,0.0,24239.129295019167,,,,
536,23705.999530492933,23506.379233837255,102.69736707202068,0.0,0.0,23403.681866765233,,,,
537,22234.61810807504,22611.128994161154,102.03016252710094,0.0,0.0,22509.09883163405,,,,
538,22541.875663404026,21867.328601579367,101.39479149219616,0.0,0.0,21765.933810087172,,,,
539,20117.478739782156,21045.973612819744,103.1466992055963,0.0,0.0,20942.826913614146,,,,
540,20808.878594956303,20301.500065895943,104.75118974107748,0.0,0.0,20196.748876154867,,,,
541,19574.349351793717,19546.791881259156,107.75234838006386,0.0,0.0,19439.03953287909,,,,
542,18128.637971552816,18843.308032656012,110.32889464864826,0.0,0.0,18732.979138007362,,,,
543,17863.79831247038,18196.743814633388,113.39144256300516,0.0,0.0,18083.35237207038,,,,
544,17881.029813456786,17613.79760563426,116.87823625158842,0.0,0.0,17496.91936938267,,,,
545,16313.388071879615,17069.227298483107,121.5982490856346,0.0,0.0,16947.629049397474,,,,
546,15940.768629156752,16457.74584687177,127.7003883748859,0.0,0.0,16330.045458496883,,,,
547,15495.554208350331,15956.27132596484,134.7754803457781,0.0,0.0,15821.495845619063,,,,
548,16441.45185227303,15422.331090381807,143.29623765639997,0.0,0.0,15279.034852725408,,,,
549,14607.216614058758,14940.467106242257,153.25105291205148,0.0,0.0,14787.216053330205,,,,
550,12772.609664896836,14444.007985949978,164.0995351501443,0.0,0.0,14279.908450799834,,,,
551,13554.856211585016,14030.314339683906,176.3289470875059,0.0,0.0,13853.9853925964,,,,
552,13111.534931729622,13591.850354517272,190.02246153015352,0.0,0.0,13401.827892987118,,,,
553,14351.65905281204,13233.336126701626,206.03489715000848,0.0,0.0,13027.301229551618,,,,
554,12987.18756554296,12838.65467618729,224.4965989241412,0.0,0.0,12614.15807726315,,,,
555,11711.948592669823,12486.834330942836,248.52795879505297,0.0,0.0,12238.306372147783,,,,
556,11539.241529174626,12146.457994400374,277.80019490841795,0.0,0.0,11868.657799491957,,,,
557,11852.908372528967,11807.46503756678,308.04065406855324,0.0,0.0,11499.424383498228,,,,
558,11488.213217312888,11514.16049170774,342.39504413280946,0.0,0.0,11171.765447574931,,,,
559,10570.57759053614,11241.383735320795,382.42845372139664,0.0,0.0,10858.955281599397,,,,
560,11352.141456804724,10908.90483765981,427.45842818532765,0.0,0.0,10481.446409474482,,,,
561,10813.563874547906,10615.53776954319,483.18621831175165,0.0,0.0,10132.351551231439,,,,
562,11152.22344261252,10364.059524189044,550.5690472832432,0.0,0.0,9813.490476905801,,,,
563,9962.602385128865,10146.48332925917,630.4041658038574,0.0,0.0,9516.079163455313,,,,
564,10246.593838714827,9921.797657350242,723.5935711480803,0.0,0.0,9198.204086202162,,,,
565,9708.680685464826,9751.823143474157,827.7331627009892,0.0,0.0,8924.089980773168,,,,
566,9330.865379686404,9628.978530758044,953.8372424129345,0.0,0.0,8675.14128834511,,,,
567,10257.327878961712,9495.641771475408,1104.3361737301261,0.0,0.0,8391.305597745282,,,,
568,9947.325364069977,9344.078898471353,1283.8711176670943,0.0,0.0,8060.207780804258,,,,
569,9833.857207536428,9284.044533166803,1503.0053901526048,0.0,0.0,7781.039143014198,,,,
570,8576.15686304543,9352.457602935065,1758.8236368314997,0.0,0.0,7593.633966103565,,,,
571,8743.493877499553,9347.57721681854,2059.33595099433,0.0,0.0,7288.24126582421,,,,
572,9264.21522586569,9438.853359238394,2413.6553545205234,0.0,0.0,7025.198004717871,,,,
573,8852.42016096776,9573.340805824057,2831.501061544598,0.0,0.0,6741.839744279458,,,,
574,10359.029899342107,9847.694414067573,3342.0303755789073,0.0,0.0,6505.664038488667,,,,
575,10559.957740018242,10233.097220957268,3950.707894984645,0.0,0.0,6282.389325972624,,,,
576,10552.660582202208,10677.502742208195,4658.9212575279425,0.0,0.0,6018.581484680252,,,,
577,11528.04608605798,11255.91723601575,5469.373729060695,0.0,0.0,5786.543506955056,,,,
578,11630.50222897732,11974.594346721657,6392.020767495011,0.0,0.0,5582.573579226646,,,,
579,13170.96410065896,12843.074219348087,7481.540425939849,0.0,0.0,5361.533793408239,,,,
580,12822.227861344876,13897.368917972588,8734.916582596534,0.0,0.0,5162.452335376053,,,,
581,15426.942248817671,15089.729329699003,10153.409368529778,0.0,0.0,4936.319961169224,,,,
582,16436.008778344403,16476.2684168107,11776.14837890422,0.0,0.0,4700.120037906479,,,,
583,18437.59245386449,18033.885051112902,13557.389149246399,0.0,0.0,4476.495901866502,,,,
584,19880.927780794904,19824.235182656907,15491.594523846785,0.0,0.0,4332.640658810122,,,,
585,21130.46054814601,21658.031077191357,17528.30515626014,0.0,0.0,4129.725920931216,,,,
586,23622.310805204364,23696.61703250927,19697.357552281723,0.0,0.0,3999.2594802275503,,,,
587,25967.328935472786,25828.173711996875,21975.312309381065,0.0,0.0,3852.8614026158098,,,,
588,28195.24235332506,28072.247500005764,24388.06078956219,0.0,0.0,3684.186710443573,,,,
589,31079.3470133886,30496.62909387794,26935.463681331046,0.0,0.0,3561.1654125468935,,,,
590,33071.74280640994,32890.30896321092,29467.36235010463,0.0,0.0,3422.9466131062863,,,,
591,35710.60630552687,35213.60309747161,31937.847165237792,0.0,0.0,3275.755932233821,,,,
592,36768.79649513962,37527.19871167109,34375.91677968741,0.0,0.0,3151.281931983678,,,,
593,39654.3612175559,39763.82968123583,36743.38679306005,0.0,0.0,3020.442888175778,,,,
594,41482.279345103874,41911.58410049383,39004.227465326796,0.0,0.0,2907.3566351670283,,,,
595,44893.95601848252,43932.32391276491,41138.65274005559,0.0,0.0,2793.671172709315,,,,
596,44576.4467782177,45846.98675575142,43170.26798246666,0.0,0.0,2676.7187732847633,,,,
597,48274.903454702726,47495.177204247324,44926.77487988767,0.0,0.0,2568.4023243596534,,,,
598,49470.477190348014,48972.30284447702,46479.81710524056,0.0,0.0,2492.4857392364565,,,,
599,49194.93989436901,50047.32503420595,47668.10302745129,0.0,0.0,2379.222006754659,,,,
600,50945.30772706295,50858.537637980786,48542.89894981,0.0,0.0,2315.638688170787,,,,
601,51369.65135108736,51353.60306134816,49132.52080050108,0.0,0.0,2221.0822608470858,,,,
602,52193.222853654246,51605.350747209835,49457.39937028326,0.0,0.0,2147.951376926577,,,,
603,52151.19793372838,51552.04017763606,49473.168101571784,0.0,0.0,2078.872076064276,,,,
604,50864.37200155555,51150.34981118208,49161.75424321915,0.0,0.0,1988.5955679629365,,,,
605,49989.52268233832,50567.239770076674,48632.32534237876,0.0,0.0,1934.9144276979112,,,,
606,50367.58096593581,49675.90544719048,47811.29399461641,0.0,0.0,1864.6114525740713,,,,
607,47575.83140237363,48477.39051628657,46709.47112609882,0.0,0.0,1767.9193901877522,,,,
608,47911.999686050905,47249.58112420983,45516.62761195965,0.0,0.0,1732.953512250179,,,,
609,45771.822936026416,45761.63027443907,44101.74018315181,0.0,0.0,1659.8900912872616,,,,
610,43912.28708572281,44256.7416333154,42649.6297165531,0.0,0.0,1607.1119167623033,,,,
611,42419.9333562968,42695.88860337075,41130.84208943181,0.0,0.0,1565.0465139389412,,,,
612,41094.26739351068,41076.34232478887,39577.61431990927,0.0,0.0,1498.7280048796028,,,,
613,39321.290946909045,39460.33828004029,38005.73554695583,0.0,0.0,1454.6027330844563,,,,
614,39015.28472780436,37865.72999225114,36463.289272012305,0.0,0.0,1402.4407202388306,,,,
615,35107.612149821725,36298.93296986945,34952.190705309564,0.0,0.0,1346.742264559886,,,,
616,35325.605473698175,34718.89904564356,33410.47401117604,0.0,0.0,1308.4250344675138,,,,
617,32650.29171750484,33219.272098137524,31961.084133459033,0.0,0.0,1258.1879646784903,,,,
618,32179.722103372547,31836.268869309057,30600.130912846333,0.0,0.0,1236.1379564627225,,,,
619,31161.341656278444,30463.350705386343,29284.447976180105,0.0,0.0,1178.9027292062394,,,,
620,29552.771757486425,29219.614260261453,28076.41189032082,0.0,0.0,1143.202369940635,,,,
621,28073.85803679068,28009.346050987853,26925.185531711606,0.0,0.0,1084.1605192762481,,,,
622,26983.72875287423,26863.869643167942,25808.90086458723,0.0,0.0,1054.9687785807114,,,,
623,25613.745514816143,25785.925388324144,24783.768342765245,0.0,0.0,1002.1570455588998,,,,
624,24991.11428916005,24797.791013311413,23830.937160478043,0.0,0.0,966.8538528333709,,,,
625,25099.19787645691,23876.151567044504,22945.935289641428,0.0,0.0,930.2162774030766,,,,
626,22818.57073269753,22976.049449895563,22081.32249378819,0.0,0.0,894.7269561073731,,,,
627,22680.118551790623,22172.287285052927,21328.447118910764,0.0,0.0,843.8401661421636,,,,
628,21767.675954914765,21437.562908180178,20609.070045944183,0.0,0.0,828.4928622359947,,,,
629,20788.689110209463,20739.76860687583,19951.0449851579,0.0,0.0,788.723621717929,,,,
630,21184.697696114254,20866.00472109953,19327.90982239677,788.1610937442267,0.0,749.9338049585331,,,,
631,19461.44982074188,20391.48496939611,18799.00678670209,862.8638745980701,0.0,729.6143080959507,,,,
632,20539.371798890978,20029.241937388662,18323.44649263595,999.919448631733,0.0,705.8759961209778,,,,
633,19390.58614830796,19746.053761396037,17909.770680563754,1154.2886257347031,0.0,681.9944550975804,,,,
634,19935.625799134097,19559.96805743978,17539.989313527753,1354.2349044245652,0.0,665.7438394874598,,,,
635,19655.15222445526,19416.623480476745,17206.699008971304,1566.4499813368911,0.0,643.4744901685494,,,,
636,20752.53932153421,19367.706523696113,16906.936883171908,1828.4043966695576,0.0,632.3652438546478,,,,
637,19523.89922677474,19405.31878459557,16685.64415919305,2133.7647201090545,0.0,585.9099052934671,,,,
638,19321.91124351456,19530.47328552822,16478.28992149074,2473.1280411991606,0.0,579.0553228383168,,,,
639,19684.053960922614,19745.28784497053,16329.674434177909,2867.3032064938666,0.0,548.310204298757,,,,
640,18998.698876231923,20019.39410797968,16196.032495922698,3283.7378689848892,0.0,539.6237430720919,,,,
641,19818.047419650982,20410.092867587708,16097.991716588482,3794.9072844887232,0.0,517.1938665105031,,,,
642,20613.848777845946,20920.884316717944,16001.92379362061,4417.51908420243,0.0,501.4414388949019,,,,
643,20137.842135555045,21464.352709220635,15932.45578737031,5040.34901217714,0.0,491.5479096731822,,,,
644,22527.709908944365,22128.62047727783,15871.470969990976,5777.276494879683,0.0,479.8730124071699,,,,
645,22413.928111989728,22791.843083172203,15775.70058360338,6561.9240930961005,0.0,454.21840647272194,,,,
646,23161.38347619053,23499.50395861321,15691.41695159536,7373.436663849313,0.0,434.65034316853996,,,,
647,24242.96775746421,24359.879554399835,15585.243362261315,8353.990813002025,0.0,420.6453791364933,,,,
648,25228.60783264376,25268.36670695357,15486.817231473444,9371.861464511983,0.0,409.6880109681432,,,,
649,26349.96803346145,26208.648895744587,15365.751303287218,10438.021593166846,0.0,404.8759992905232,,,,
650,26419.730700399243,27234.60989000575,15228.474551582316,11624.803219404468,0.0,381.33211901896686,,,,
651,27373.298411153384,28286.836844437392,15085.559055964504,12833.207849024695,0.0,368.06993944819357,,,,
652,29698.93230468497,29603.783774979835,14911.210505943616,14326.89221021452,0.0,365.6810588216951,,,,
653,30577.73677390906,30816.12500590097,14702.692248700265,15763.67295637053,0.0,349.7598008301735,,,,
654,30990.41664858341,31865.06545314294,14473.384634017744,17052.734984433006,0.0,338.9458346921903,,,,
655,33540.327585472936,33401.04121669217,14223.176564949767,18852.949105638647,0.0,324.9155461037556,,,,
656,33740.26138156996,34572.81980347267,13968.087928270035,20292.706874264295,0.0,312.02500093833845,,,,
657,35999.88976253263,35953.03098042247,13684.393717795936,21962.605947611704,0.0,306.0313150148288,,,,
658,36755.97200108034,37342.60628217279,13396.970041806935,23660.43921647461,0.0,285.1970238912429,,,,
659,38697.86589038405,38382.718335917525,13073.433001292946,25026.713726868067,0.0,282.57160775651323,,,,
660,38823.1969629585,39668.1452521044,12729.32922270161,26662.457552462092,0.0,276.35847694069537,,,,
661,41794.68812726519,40776.56337988266,12376.917751408524,28136.48166056829,0.0,263.16396790584423,,,,
662,40710.378839721976,41850.24175908917,12010.039974503043,29587.80106451271,0.0,252.40072007341425,,,,
663,42590.76753753726,43032.32189427642,11646.830934798618,31137.4377599699,0.0,248.05319950790667,,,,
664,43803.43271100347,44056.09569438683,11281.922338403085,32529.21829766315,0.0,244.95505832059953,,,,
665,43931.25355318037,44485.939072553505,10910.833212483441,33333.6203697638,0.0,241.48549030626722,,,,
666,45318.31036237948,44985.08601597912,10521.343041367418,34235.04676584169,0.0,228.6962087700139,,,,
667,45669.26947431775,45289.68036716051,10135.162897299813,34921.34711774323,0.0,233.17035211746182,,,,
668,45968.2375585011,45744.960359210745,9762.132444263865,35768.457413326774,0.0,214.37050162010675,,,,
669,44439.00479976315,45758.20420728854,9399.65088275979,36147.382262321495,0.0,211.1710622072473,,,,
670,45700.73598094945,45884.530678235766,9041.86164841016,36631.481084580766,0.0,211.18794524483934,,,,
671,47014.35645982636,45644.018836915326,8704.004144236025,36731.82355579983,0.0,208.19113687947302,,,,
672,44868.4154936925,45026.57805561809,8368.039483473454,36466.27710017909,0.0,192.26147196554388,,,,
673,45321.845273058985,44319.12589997121,8038.193006148552,36096.04951686317,0.0,184.88337695948593,,,,
674,42329.27372993906,43474.14822440581,7705.728918341346,35586.8197837058,0.0,181.59952235866618,,,,
675,42399.0226503419,42538.76147145699,7387.229770113674,34975.50375437197,0.0,176.02794697134635,,,,
676,41790.276015318486,41566.311425093445,7074.546697422657,34491.76472767079,0.0,0.0,,,,
677,40616.84972302023,40043.103800272445,6776.149071283404,33266.95472898904,0.0,0.0,,,,
678,39160.11285816725,38991.13401562173,6506.157513440832,32484.976502180893,0.0,0.0,,,,
679,37069.868726825385,37886.72768982292,6240.760588087655,31645.96710173526,0.0,0.0,,,,
680,36347.93309241791,36600.88841918475,5969.469340435155,30631.41907874959,0.0,0.0,,,,
681,35583.282170598286,35252.11221464832,5713.433154061406,29538.679060586914,0.0,0.0,,,,
682,33222.358877108345,33790.43602684267,5474.528021816923,28315.908005025747,0.0,0.0,,,,
683,33997.931742028384,32698.53601299486,5242.65045415493,27455.88555883993,0.0,0.0,,,,
684,31997.086576352787,31069.294401855,5017.859442881076,26051.434958973925,0.0,0.0,,,,
685,29284.942745130847,29905.31406859709,4816.256126531959,25089.05794206513,0.0,0.0,,,,
686,30269.57690841716,28738.9668801328,4617.493759861566,24121.473120271236,0.0,0.0,,,,
687,27414.45410423179,27197.46064498771,4428.97381675173,22768.486828235982,0.0,0.0,,,,
688,26603.861378899088,26042.450523583913,4260.8562292025135,21781.5942943814,0.0,0.0,,,,
689,24379.598951084427,25086.248774479125,4086.233883785256,21000.01489069387,0.0,0.0,,,,
690,24837.77448946957,23666.038443722144,3933.3677177738155,19732.67072594833,0.0,0.0,,,,
691,23418.220998103432,22507.851357658416,3792.9270708855065,18714.924286772908,0.0,0.0,,,,
692,21471.420496026985,21617.774057720188,3667.9710917333055,17949.80296598688,0.0,0.0,,,,
693,21251.32398434952,20630.354142392134,3543.8939994545754,17086.460142937558,0.0,0.0,,,,
694,20584.450046559545,19785.755067997576,3437.29897343279,16348.456094564785,0.0,0.0,,,,
695,18310.526788333915,19013.463234515984,3338.311118852244,15675.152115663741,0.0,0.0,,,,
696,18633.983724991773,18167.58763297538,3240.431400406249,14927.156232569132,0.0,0.0,,,,
697,19417.036124726845,17481.94659510099,3158.582667544489,14323.363927556504,0.0,0.0,,,,
698,15962.469921087248,16788.545541787218,3083.3218213256696,13705.223720461549,0.0,0.0,,,,
699,17097.105794297553,16096.123127395327,3005.0535793855606,13091.069548009766,0.0,0.0,,,,
700,15625.931484213505,15442.323566975416,2933.2870932816536,12509.036473693763,0.0,0.0,,,,
701,14495.226068483336,14994.557052587392,2863.394515723685,12131.162536863707,0.0,0.0,,,,
702,13419.799638443912,14477.421447658518,2797.8253082849465,11679.596139373572,0.0,0.0,,,,
703,13062.734797568808,13994.961135951358,2738.8710651435135,11256.090070807844,0.0,0.0,,,,
704,12794.42898841747,13601.133272371175,2681.363587130337,10919.769685240839,0.0,0.0,,,,
705,12413.58973227698,13070.520446251723,2621.4387724508438,10449.08167380088,0.0,0.0,,,,
706,12845.799567993285,12664.877391767064,2565.931489676697,10098.945902090367,0.0,0.0,,,,
707,12279.741508510546,12403.473016713035,2512.9127369419602,9890.560279771074,0.0,0.0,,,,
708,11511.971642718776,12103.56022203404,2460.283860476838,9643.276361557202,0.0,0.0,,,,
709,11744.72264901041,11695.289168327863,2408.799580386963,9286.4895879409,0.0,0.0,,,,
710,10477.78459211295,11515.171498608868,2355.864068236484,9159.307430372384,0.0,0.0,,,,
711,10832.310710213278,11295.887298375246,2310.987245880118,8984.900052495128,0.0,0.0,,,,
712,10900.75970928681,11145.841415949453,2265.678701859094,8880.16271409036,0.0,0.0,,,,
713,10612.638499068958,10909.142391584048,2224.759430175065,8684.382961408983,0.0,0.0,,,,
714,11121.275748250277,10828.43614816371,2176.738717110813,8651.697431052897,0.0,0.0,,,,
715,9797.514284521036,10678.788270849516,2132.68733922754,8546.100931621977,0.0,0.0,,,,
716,11094.954993657497,10565.288723258758,2085.688087780985,8479.600635477773,0.0,0.0,,,,
717,10474.20207835409,10395.116575944528,2043.5506620259116,8351.565913918617,0.0,0.0,,,,
718,10857.448742071489,10303.735628519928,2000.5348188977327,8303.200809622194,0.0,0.0,,,,
719,9540.852070465458,10120.561073190212,1954.6992001120466,8165.861873078166,0.0,0.0,,,,
720,11258.76570449703,10037.947070358096,1909.4873509033457,8128.45971945475,0.0,0.0,,,,
721,10072.26768278142,9968.850425675473,1867.935537060164,8100.914888615309,0.0,0.0,,,,
722,10895.401178015876,9815.71478584551,1822.6526819816768,7993.062103863834,0.0,0.0,,,,
723,10428.11272467258,9791.65051395401,1780.1563516444157,8011.494162309593,0.0,0.0,,,,
724,9392.1446075869,9635.920779265673,1737.4633382537088,7898.457441011964,0.0,0.0,,,,
725,10261.173378688458,10606.759993202162,1691.9405942146088,7869.961432255181,1044.857966732373,0.0,,,,
726,9771.7308510882,10678.548145923705,1645.5754705422435,7703.570980567187,1329.401694814274,0.0,,,,
727,11776.192719871173,10739.553058463262,1605.2564093125497,7654.535546203148,1479.761102947563,0.0,,,,
728,10823.388569747523,10855.146768798591,1558.0441773615119,7628.194549456196,1668.908041980884,0.0,,,,
729,10461.944434542853,10857.208162750168,1515.7723676399244,7476.8971122377225,1864.538682872521,0.0,,,,
730,11574.591971098162,10959.64307141118,1473.9461370173806,7355.673488237323,2130.023446156476,0.0,,,,
731,10978.195548842446,11009.824819726091,1432.4583107803583,7277.332336144403,2300.0341728013295,0.0,,,,
732,11527.357634999473,11232.957534238783,1390.3976426455947,7245.672226067429,2596.887665525761,0.0,,,,
733,12252.06267054229,11233.494793067919,1349.8251818278113,7070.742764089242,2812.9268471508667,0.0,,,,
734,11137.457175352982,11352.03985272306,1307.0353791310304,6969.062079074401,3075.942394517629,0.0,,,,
735,11955.548034849391,11498.575088506439,1260.8960336822718,6835.614331931937,3402.0647228922303,0.0,,,,
736,10852.94409322278,11748.186989503813,1221.0356495728763,6705.271051994122,3821.880287936814,0.0,,,,
737,12492.626914368228,11945.060171420657,1179.678454267836,6571.213934918416,4194.167782234404,0.0,,,,
738,11865.529945335087,12155.287333804714,1140.6655445385575,6463.186240569533,4551.435548696624,0.0,,,,
739,11612.651743373235,12421.012046065844,1104.4716129593157,6338.776634101651,4977.763799004878,0.0,,,,
740,13051.876158164823,12882.81443727366,1070.3640633305222,6178.15131925757,5634.299054685569,0.0,,,,
741,12959.62082728373,13069.455487850057,1033.7557162955563,6009.69993677942,6025.999834775081,0.0,,,,
742,14135.717678939543,13427.654419424021,998.8521735706408,5843.471722209708,6585.330523643673,0.0,,,,
743,13578.65423410984,13762.521328861432,964.3095811434144,5654.468465709299,7143.743282008719,0.0,,,,
744,14561.670179928988,14365.151704593034,931.7552401429747,5523.984286169507,7909.412178280553,0.0,,,,
745,14911.751092388662,15091.570184148983,900.7872181833724,5402.358033631565,8788.424932334046,0.0,,,,
746,15737.769309579036,15878.890197546156,872.0383067685274,5251.924988050919,9754.92690272671,0.0,,,,
747,16104.015008641354,16209.10044992419,842.2796380980958,5085.039538308687,10281.781273517407,0.0,,,,
748,17374.246855192236,17202.94873590046,819.666371675599,4912.556437818411,11470.725926406449,0.0,,,,
749,18099.889436075595,17755.78954271502,792.3504332592072,4771.744632245382,12191.69447721043,0.0,,,,
750,17971.148350594114,18868.918626876635,767.071009324012,4626.34854081893,13475.499076733691,0.0,,,,
751,20101.02187960262,19640.922062339356,740.7716999862563,4409.059723198436,14491.090639154663,0.0,,,,
752,21211.343876982435,20339.383002764363,729.7300898365771,4201.09003735636,15408.562875571428,0.0,,,,
753,22226.700507949005,21243.629859097244,717.8765775041097,4057.4644455375737,16468.28883605556,0.0,,,,
754,22211.59237264291,22292.67156589439,708.0870748607429,3970.221273561804,17614.363217471844,0.0,,,,
755,22372.3953910138,23441.276742889444,697.0903324219465,3818.0820347769895,18926.104375690506,0.0,,,,
756,24126.90699205063,24053.29776323807,685.6369526415727,3626.287004678045,19741.373805918454,0.0,,,,
757,25576.86633703276,24572.153021924525,0.0,3458.7697264310113,21113.383295493513,0.0,,,,
758,24808.561516221976,25606.84584815573,0.0,3273.5824061106136,22333.263442045118,0.0,,,,
759,26835.38504861057,26505.526748478183,0.0,3173.155632785269,23332.371115692913,0.0,,,,
760,27167.81998615257,27278.152443019782,0.0,2957.1558590069117,24320.99658401287,0.0,,,,
761,27909.61405808845,28546.06799350588,0.0,2874.0672509539677,25672.00074255191,0.0,,,,
762,29510.82825194896,29235.831741952974,0.0,2760.59205636878,26475.239685584194,0.0,,,,
763,29772.02297031501,30773.0699312898,0.0,2656.9117298152937,28116.158201474507,0.0,,,,
764,30809.546548428247,31347.591065883542,0.0,2570.180696064588,28777.410369818954,0.0,,,,
765,32299.53017564064,32331.590749895,0.0,2444.547953298258,29887.042796596743,0.0,,,,
766,32556.481356367003,33010.09137830635,0.0,2380.092105640346,30629.999272666006,0.0,,,,
767,33461.53956837439,33776.75873819917,0.0,2318.2412377693686,31458.5175004298,0.0,,,,
768,34940.87418847258,34712.355911470215,0.0,2243.4363516289964,32468.919559841215,0.0,,,,
769,35178.55254342407,35165.70816195008,0.0,2175.507279010713,32990.20088293937,0.0,,,,
770,35078.36846748722,35709.7654288453,0.0,2084.63826722479,33625.127161620505,0.0,,,,
771,36441.69746326785,36313.09594046096,0.0,2075.262378534568,34237.83356192639,0.0,,,,
772,37559.217202015294,36937.22369365162,0.0,2029.6046461871522,34907.61904746447,0.0,,,,
773,37239.755353122535,37437.02646192495,0.0,1960.9963481555421,35476.03011376941,0.0,,,,
774,38153.66513911833,37614.65440584588,0.0,1886.08010949206,35728.57429635382,0.0,,,,
775,37417.03117102925,37811.29005490254,0.0,1832.1969074964138,35979.09314740613,0.0,,,,
776,37661.64665286706,37811.105555793125,0.0,1732.4771369240061,36078.62841886912,0.0,,,,
777,38689.10256732524,37728.83273765282,0.0,1703.3747500410077,36025.45798761181,0.0,,,,
778,37738.39989531341,37539.963741793996,0.0,1627.4023921095577,35912.56134968444,0.0,,,,
779,38014.792431247486,37413.86244554403,0.0,1590.654689753753,35823.207755790274,0.0,,,,
780,37609.37889370061,37316.291776125174,0.0,1569.6817878562147,35746.60998826896,0.0,,,,
781,36348.3436677675,37002.67509410523,0.0,1531.5639297108612,35471.111164394366,0.0,,,,
782,36887.99687568479,36536.662095711865,0.0,1450.8790206020406,35085.78307510982,0.0,,,,
783,36778.12091118962,36326.33925782082,0.0,1413.2002667969746,34913.13899102385,0.0,,,,
784,36967.284009083865,35987.93725047014,0.0,1364.060246646362,34623.87700382378,0.0,,,,
785,35378.25178477894,35376.2675218105,0.0,1318.0883848458518,34058.179136964645,0.0,,,,
786,33982.51069573873,34530.77537066232,0.0,1318.4141024546418,33212.36126820768,0.0,,,,
787,34033.434506056,34147.41023718531,0.0,1268.5747899281748,32878.83544725713,0.0,,,,
788,33270.242924808525,33436.67250104791,0.0,1253.2651105935022,32183.40739045441,0.0,,,,
789,33933.37464782946,32968.179947895005,0.0,1237.8685704137126,31730.311377481292,0.0,,,,
790,32020.94708816386,32128.764148856404,0.0,1221.1844633784115,30907.57968547799,0.0,,,,
791,31224.38190365667,31460.91026388897,0.0,1238.5703263929727,30222.339937496,0.0,,,,
792,31070.91408919012,30482.427601797484,0.0,1192.2928936542564,29290.13470814323,0.0,,,,
793,29150.50290910569,29288.639066133535,0.0,1143.3449188640589,28145.294147269477,0.0,,,,
794,27193.54378366207,28269.06877244725,0.0,1075.305628001378,27193.76314444587,0.0,,,,
795,26785.531121218875,27361.102747375917,0.0,1063.0578984182691,26298.04484895765,0.0,,,,
796,26755.170608260087,26541.220001529455,0.0,1037.587340101937,25503.632661427517,0.0,,,,
797,26081.84261334281,25528.046004542444,0.0,1027.7988597343515,24500.247144808094,0.0,,,,
798,23807.695466887584,24350.332143647072,0.0,977.370388225916,23372.961755421158,0.0,,,,
799,23884.88556998985,23313.26992068333,0.0,960.7329001191172,22352.537020564214,0.0,,,,
800,21986.201729295277,21901.71456567695,0.0,944.1697884452453,20957.544777231706,0.0,,,,
801,20413.579301690163,20427.964579475254,0.0,0.0,20427.964579475254,0.0,,,,
802,18476.815032727613,18779.290843346833,0.0,0.0,18779.290843346833,0.0,,,,
803,18127.6579773238,18276.937959784733,0.0,0.0,18276.937959784733,0.0,,,,
804,17563.512149241466,17368.682564608447,0.0,0.0,17368.682564608447,0.0,,,,
805,17084.31466388266,16424.123428411276,0.0,0.0,16424.123428411276,0.0,,,,
806,15946.596009238729,16086.358375837237,0.0,0.0,16086.358375837237,0.0,,,,
807,14860.75768764264,14922.30606438991,0.0,0.0,14922.30606438991,0.0,,,,
808,14205.124751238316,14316.659389386377,0.0,0.0,14316.659389386377,0.0,,,,
809,13498.17662773875,13874.782859336417,0.0,0.0,13874.782859336417,0.0,,,,
810,12853.227468928251,12978.70156233622,0.0,0.0,12978.70156233622,0.0,,,,
811,12569.014022941126,12506.793008812978,0.0,0.0,12506.793008812978,0.0,,,,
812,12545.279779855566,11955.199172552766,0.0,0.0,11955.199172552766,0.0,,,,
813,10358.696593901095,11519.116271321645,0.0,0.0,11519.116271321645,0.0,,,,
814,11690.271179182157,11311.238632138124,0.0,0.0,11311.238632138124,0.0,,,,
815,10718.717512577476,10343.87845941126,0.0,0.0,10343.87845941126,0.0,,,,
816,11233.8634566258,9765.584637797529,0.0,0.0,9765.584637797529,0.0,,,,
817,9135.82641806177,9693.58472707405,0.0,0.0,9693.58472707405,0.0,,,,
818,9904.303041944271,9379.628740692,0.0,0.0,9379.628740692,0.0,,,,
819,8686.681887993107,9171.98532035631,0.0,0.0,9171.98532035631,0.0,,,,
820,8141.601527732398,8261.310477926805,0.0,0.0,8261.310477926805,0.0,,,,
821,8473.93454324863,8406.18781098989,0.0,0.0,8406.18781098989,0.0,,,,
822,6927.209216657795,7764.3689159975065,0.0,0.0,7764.3689159975065,0.0,,,,
823,7232.268298985586,7528.731135395828,0.0,0.0,7528.731135395828,0.0,,,,
824,6391.359980449527,7023.247240223656,0.0,0.0,7023.247240223656,0.0,,,,
825,5750.16398341354,6729.8371993098335,0.0,0.0,6729.8371993098335,0.0,,,,
826,5675.908137829177,6816.351260832921,0.0,0.0,6816.351260832921,0.0,,,,
827,7326.947310773807,6246.3686275133705,0.0,0.0,6246.3686275133705,0.0,,,,
828,5483.428066553722,6015.436863829666,0.0,0.0,6015.436863829666,0.0,,,,
829,6431.978361280015,5733.194911832826,0.0,0.0,5733.194911832826,0.0,,,,
830,5238.516639919371,5351.882774364071,0.0,0.0,5351.882774364071,0.0,,,,
831,4802.461123337785,5260.565575863169,0.0,0.0,5260.565575863169,0.0,,,,
832,5240.108026500253,5103.184342665894,0.0,0.0,5103.184342665894,0.0,,,,
833,4340.629027027509,5215.224632700562,0.0,0.0,5215.224632700562,0.0,,,,
834,5656.569941217366,4995.026239324295,0.0,0.0,4995.026239324295,0.0,,,,
835,5108.971566134657,5097.270864251311,0.0,0.0,5097.270864251311,0.0,,,,
836,3485.836944739926,4910.6836602491685,0.0,0.0,4910.6836602491685,0.0,,,,
837,5413.52757290803,4790.839837085074,0.0,0.0,4790.839837085074,0.0,,,,
838,4656.147875294478,4691.689499332266,0.0,0.0,4691.689499332266,0.0,,,,
839,4319.130780738761,4497.1011198663555,0.0,0.0,4497.1011198663555,0.0,,,,
840,4810.432777207359,4401.970442812344,0.0,0.0,4401.970442812344,0.0,,,,
841,4301.227858163039,4447.176671984297,0.0,0.0,4447.176671984297,0.0,,,,
842,3066.9847328875635,4037.130977271192,0.0,0.0,4037.130977271192,0.0,,,,
843,3761.096989592219,4047.7229626495805,0.0,0.0,4047.7229626495805,0.0,,,,
844,3210.3767058274825,3712.21556271962,0.0,0.0,3712.21556271962,0.0,,,,
845,3455.452222430472,3885.525636639025,0.0,0.0,3885.525636639025,0.0,,,,
846,2798.9110270719034,3497.7911060860133,0.0,0.0,3497.7911060860133,0.0,,,,
847,3172.35972207095,3559.357383778309,0.0,0.0,3559.357383778309,0.0,,,,
848,3329.5905826822955,3272.8294159181473,0.0,0.0,3272.8294159181473,0.0,,,,
849,3203.592099148825,3319.473708552042,0.0,0.0,3319.473708552042,0.0,,,,
850,3609.9145733693313,3061.6980461954886,0.0,0.0,3061.6980461954886,0.0,,,,
851,2393.879105094165,2928.047994090314,0.0,0.0,2928.047994090314,0.0,,,,
852,2903.8315461766224,3144.463994620505,0.0,0.0,3144.463994620505,0.0,,,,
853,1751.9640202948613,2716.362408650566,0.0,0.0,2716.362408650566,0.0,,,,
854,2019.0768309942528,2552.8477306922455,0.0,0.0,2552.8477306922455,0.0,,,,
855,2250.1788407078698,2384.3671932046427,0.0,0.0,2384.3671932046427,0.0,,,,
856,1695.1805055697869,2362.6297986566697,0.0,0.0,2362.6297986566697,0.0,,,,
857,2702.358963556167,2276.346037120796,0.0,0.0,2276.346037120796,0.0,,,,
858,1664.876985664358,2216.8388847294796,0.0,0.0,2216.8388847294796,0.0,,,,
859,3150.5087440774905,2206.587840224932,0.0,0.0,2206.587840224932,0.0,,,,
860,1086.2025431646807,2146.3936334929776,0.0,0.0,2146.3936334929776,0.0,,,,
861,-17.542649367108293,0.0,0.0,0.0,0.0,0.0,,,,
862,387.4346819928073,0.0,0.0,0.0,0.0,0.0,,,,
863,-1103.2870548140872,0.0,0.0,0.0,0.0,0.0,,,,
864,674.2156372161459,0.0,0.0,0.0,0.0,0.0,,,,
865,1145.2995065857044,0.0,0.0,0.0,0.0,0.0,,,,
866,190.35266663277832,0.0,0.0,0.0,0.0,0.0,,,,
867,-248.26907240413956,0.0,0.0,0.0,0.0,0.0,,,,
868,118.60851074439994,0.0,0.0,0.0,0.0,0.0,,,,
869,203.01368063249188,0.0,0.0,0.0,0.0,0.0,,,,
870,122.69097511137076,0.0,0.0,0.0,0.0,0.0,,,,
871,-546.0012274141535,0.0,0.0,0.0,0.0,0.0,,,,
872,227.92320219195747,0.0,0.0,0.0,0.0,0.0,,,,
873,209.64231549739975,0.0,0.0,0.0,0.0,0.0,,,,
874,-188.06794939555616,0.0,0.0,0.0,0.0,0.0,,,,
875,461.104456352074,0.0,0.0,0.0,0.0,0.0,,,,
876,443.2713467458104,0.0,0.0,0.0,0.0,0.0,,,,
877,-955.5671365443252,0.0,0.0,0.0,0.0,0.0,,,,
878,602.0818142270917,0.0,0.0,0.0,0.0,0.0,,,,
879,193.19172309781123,0.0,0.0,0.0,0.0,0.0,,,,
880,-361.96965242771296,0.0,0.0,0.0,0.0,0.0,,,,
881,1185.2199122050204,0.0,0.0,0.0,0.0,0.0,,,,
882,1253.1489758778318,0.0,0.0,0.0,0.0,0.0,,,,
883,-473.4746608220751,0.0,0.0,0.0,0.0,0.0,,,,
884,-123.00333010945414,0.0,0.0,0.0,0.0,0.0,,,,
885,-133.16586824497048,0.0,0.0,0.0,0.0,0.0,,,,
886,-436.47518317589385,0.0,0.0,0.0,0.0,0.0,,,,
887,510.6033545584322,0.0,0.0,0.0,0.0,0.0,,,,
888,266.30856808150776,0.0,0.0,0.0,0.0,0.0,,,,
889,22.08353380703496,0.0,0.0,0.0,0.0,0.0,,,,
890,-932.1906637348566,0.0,0.0,0.0,0.0,0.0,,,,
891,-25.255061942576347,0.0,0.0,0.0,0.0,0.0,,,,
892,-1322.9259628574716,0.0,0.0,0.0,0.0,0.0,,,,
893,864.4726933602938,0.0,0.0,0.0,0.0,0.0,,,,
894,-33.459137364978375,0.0,0.0,0.0,0.0,0.0,,,,
895,-53.84839305634793,0.0,0.0,0.0,0.0,0.0,,,,
896,-432.859472477606,0.0,0.0,0.0,0.0,0.0,,,,
897,320.05543863411634,0.0,0.0,0.0,0.0,0.0,,,,
898,-943.8411742747436,0.0,0.0,0.0,0.0,0.0,,,,
899,136.0266788076076,0.0,0.0,0.0,0.0,0.0,,,,
900,890.7980920574009,0.0,0.0,0.0,0.0,0.0,,,,
901,-203.06442119938148,0.0,0.0,0.0,0.0,0.0,,,,
902,-559.2143160723176,0.0,0.0,0.0,0.0,0.0,,,,
903,-875.8673979293094,0.0,0.0,0.0,0.0,0.0,,,,
904,-533.7979365175114,0.0,0.0,0.0,0.0,0.0,,,,
905,243.28107232540407,0.0,0.0,0.0,0.0,0.0,,,,
906,115.80959445563433,0.0,0.0,0.0,0.0,0.0,,,,
907,879.549601837143,0.0,0.0,0.0,0.0,0.0,,,,
908,-239.4935281917404,0.0,0.0,0.0,0.0,0.0,,,,
909,-427.40317320099626,0.0,0.0,0.0,0.0,0.0,,,,
910,-1748.9475423736535,0.0,0.0,0.0,0.0,0.0,,,,
911,-465.61310869853867,0.0,0.0,0.0,0.0,0.0,,,,
912,-181.151719733472,0.0,0.0,0.0,0.0,0.0,,,,
913,370.3966715035046,0.0,0.0,0.0,0.0,0.0,,,,
914,492.5773142450444,0.0,0.0,0.0,0.0,0.0,,,,
915,-595.0727631760188,0.0,0.0,0.0,0.0,0.0,,,,
916,425.51604705542354,0.0,0.0,0.0,0.0,0.0,,,,
917,-238.7610090529088,0.0,0.0,0.0,0.0,0.0,,,,
918,450.1547653604532,0.0,0.0,0.0,0.0,0.0,,,,
919,253.7631453774286,0.0,0.0,0.0,0.0,0.0,,,,
920,114.15483131146551,0.0,0.0,0.0,0.0,0.0,,,,
921,-602.2274823022041,0.0,0.0,0.0,0.0,0.0,,,,
922,68.56782030817058,0.0,0.0,0.0,0.0,0.0,,,,
923,-1143.0361305623376,0.0,0.0,0.0,0.0,0.0,,,,
924,-19.71571196239632,0.0,0.0,0.0,0.0,0.0,,,,
925,734.9663790597783,0.0,0.0,0.0,0.0,0.0,,,,
926,933.5636274543724,0.0,0.0,0.0,0.0,0.0,,,,
927,545.8571363119005,0.0,0.0,0.0,0.0,0.0,,,,
928,-249.8825400276343,0.0,0.0,0.0,0.0,0.0,,,,
929,809.4289539200425,0.0,0.0,0.0,0.0,0.0,,,,
930,242.04670109703176,0.0,0.0,0.0,0.0,0.0,,,,
931,-755.7003042643447,0.0,0.0,0.0,0.0,0.0,,,,
932,1014.4061277564916,0.0,0.0,0.0,0.0,0.0,,,,
933,246.1381597903242,0.0,0.0,0.0,0.0,0.0,,,,
934,44.41600021587305,0.0,0.0,0.0,0.0,0.0,,,,
935,-1000.2227388822338,0.0,0.0,0.0,0.0,0.0,,,,
936,398.7327646455824,0.0,0.0,0.0,0.0,0.0,,,,
937,-302.8480896337355,0.0,0.0,0.0,0.0,0.0,,,,
938,-2419.714935265093,0.0,0.0,0.0,0.0,0.0,,,,
939,957.2009452388966,0.0,0.0,0.0,0.0,0.0,,,,
940,1720.9218438920725,0.0,0.0,0.0,0.0,0.0,,,,
941,259.98951352002314,0.0,0.0,0.0,0.0,0.0,,,,
942,138.08751648489232,0.0,0.0,0.0,0.0,0.0,,,,
943,-308.43299037994825,0.0,0.0,0.0,0.0,0.0,,,,
944,19.26829344447018,0.0,0.0,0.0,0.0,0.0,,,,
945,1094.700196334096,0.0,0.0,0.0,0.0,0.0,,,,
946,668.8610490440415,0.0,0.0,0.0,0.0,0.0,,,,
947,-274.17426767963394,0.0,0.0,0.0,0.0,0.0,,,,
948,1202.081466626108,0.0,0.0,0.0,0.0,0.0,,,,
949,-463.1892172921598,0.0,0.0,0.0,0.0,0.0,,,,
